{"cameraMode":{"drawMode":0,"name":"Shaded","section":"Shading Mode"},"sceneLighting":true,"audioPlay":false,"sceneViewState":{"showFog":true,"showMaterialUpdate":false,"showSkybox":true,"showFlares":true,"showImageEffects":true,"showParticleSystems":true},"in2DMode":false,"pivot":{"x":1.2536916732788087,"y":0.8001129627227783,"z":0.562140941619873},"rotation":{"x":-0.026123877614736558,"y":0.9726508259773254,"z":-0.13657185435295106,"w":-0.18605153262615205},"size":3.4779305458068849,"orthographic":false}