{"cameraMode":{"drawMode":0,"name":"Shaded","section":"Shading Mode"},"sceneLighting":true,"audioPlay":false,"sceneViewState":{"showFog":true,"showMaterialUpdate":false,"showSkybox":true,"showFlares":true,"showImageEffects":true,"showParticleSystems":true},"in2DMode":false,"pivot":{"x":-5.364743232727051,"y":0.6884638071060181,"z":0.39566677808761599},"rotation":{"x":-0.010635074228048325,"y":0.9702940583229065,"z":-0.23776565492153169,"w":-0.04340030997991562},"size":5.984433650970459,"orthographic":false}