{"cameraMode":{"drawMode":0,"name":"Shaded","section":"Shading Mode"},"sceneLighting":true,"audioPlay":false,"sceneViewState":{"showFog":true,"showMaterialUpdate":false,"showSkybox":true,"showFlares":true,"showImageEffects":true,"showParticleSystems":true},"in2DMode":false,"pivot":{"x":-1.0139520168304444,"y":1.2595463991165162,"z":0.4609847068786621},"rotation":{"x":-0.28174448013305666,"y":0.005758665967732668,"z":-0.001678264932706952,"w":-0.9594991207122803},"size":3.373502731323242,"orthographic":false}