{"cameraMode":{"drawMode":0,"name":"Shaded","section":"Shading Mode"},"sceneLighting":true,"audioPlay":false,"sceneViewState":{"showFog":true,"showMaterialUpdate":true,"showSkybox":true,"showFlares":true,"showImageEffects":true,"showParticleSystems":true},"in2DMode":false,"pivot":{"x":8.86850357055664,"y":7.146085739135742,"z":0.7990142107009888},"rotation":{"x":0.17941008508205415,"y":-0.6917307376861572,"z":0.18387268483638764,"w":0.6749308109283447},"size":6.624824523925781,"orthographic":false}