{"cameraMode":{"drawMode":0,"name":"Shaded","section":"Shading Mode"},"sceneLighting":true,"audioPlay":false,"sceneViewState":{"showFog":true,"showMaterialUpdate":true,"showSkybox":true,"showFlares":true,"showImageEffects":true,"showParticleSystems":true},"in2DMode":false,"pivot":{"x":-3.240703582763672,"y":-0.5173397064208984,"z":1.5708277225494385},"rotation":{"x":0.09489189088344574,"y":-0.8952263593673706,"z":0.22934061288833619,"w":0.3701797127723694},"size":6.821532726287842,"orthographic":false}