{"cameraMode":{"drawMode":0,"name":"Shaded","section":"Shading Mode"},"sceneLighting":true,"audioPlay":false,"sceneViewState":{"showFog":false,"showMaterialUpdate":false,"showSkybox":false,"showFlares":false,"showImageEffects":false,"showParticleSystems":false},"in2DMode":false,"pivot":{"x":1.399134635925293,"y":1.8382396697998047,"z":-0.2612276077270508},"rotation":{"x":-0.07143723964691162,"y":0.11940108984708786,"z":-0.008500122465193272,"w":-0.9902916550636292},"size":4.136547565460205,"orthographic":false}