{"cameraMode":{"drawMode":0,"name":"Shaded","section":"Shading Mode"},"sceneLighting":true,"audioPlay":false,"sceneViewState":{"showFog":true,"showMaterialUpdate":true,"showSkybox":true,"showFlares":true,"showImageEffects":true,"showParticleSystems":true},"in2DMode":false,"pivot":{"x":-0.2529981732368469,"y":0.7101173400878906,"z":-3.867852210998535},"rotation":{"x":-0.010136176832020283,"y":0.9207378625869751,"z":-0.023735033348202707,"w":-0.3894919455051422},"size":1.3597605228424073,"orthographic":false}