{"cameraMode":{"drawMode":0,"name":"Shaded","section":"Shading Mode"},"sceneLighting":true,"audioPlay":false,"sceneViewState":{"showFog":true,"showMaterialUpdate":true,"showSkybox":true,"showFlares":true,"showImageEffects":true,"showParticleSystems":true},"in2DMode":false,"pivot":{"x":1.1812095642089844,"y":-0.15025901794433595,"z":3.2963504791259767},"rotation":{"x":-0.18071536719799043,"y":-0.03186340257525444,"z":0.0058565279468894009,"w":-0.9830046892166138},"size":6.387054443359375,"orthographic":false}