{"cameraMode":{"drawMode":0,"name":"Shaded","section":"Shading Mode"},"sceneLighting":true,"audioPlay":false,"sceneViewState":{"showFog":true,"showMaterialUpdate":true,"showSkybox":true,"showFlares":true,"showImageEffects":true,"showParticleSystems":true},"in2DMode":false,"pivot":{"x":0.46382713317871096,"y":1.7525261640548707,"z":-0.1576070785522461},"rotation":{"x":-0.08014488965272904,"y":-0.16164803504943849,"z":0.013171478174626828,"w":-0.9835026860237122},"size":2.511991262435913,"orthographic":false}