{"cameraMode":{"drawMode":0,"name":"Shaded","section":"Shading Mode"},"sceneLighting":true,"audioPlay":false,"sceneViewState":{"showFog":true,"showMaterialUpdate":true,"showSkybox":true,"showFlares":true,"showImageEffects":true,"showParticleSystems":true},"in2DMode":false,"pivot":{"x":14.524864196777344,"y":4.2880377769470219,"z":0.13320255279541017},"rotation":{"x":0.11136286705732346,"y":-0.8694590330123901,"z":0.42355096340179446,"w":0.2286025732755661},"size":8.839672088623047,"orthographic":false}