{"cameraMode":{"drawMode":0,"name":"Shaded","section":"Shading Mode"},"sceneLighting":true,"audioPlay":false,"sceneViewState":{"showFog":true,"showMaterialUpdate":true,"showSkybox":true,"showFlares":true,"showImageEffects":true,"showParticleSystems":true},"in2DMode":false,"pivot":{"x":-3.240703582763672,"y":-0.5173397064208984,"z":1.5708277225494385},"rotation":{"x":0.05853547528386116,"y":-0.9408898949623108,"z":0.2171255201101303,"w":0.25341731309890749},"size":6.821532726287842,"orthographic":false}