{"cameraMode":{"drawMode":0,"name":"Shaded","section":"Shading Mode"},"sceneLighting":true,"audioPlay":false,"sceneViewState":{"showFog":false,"showMaterialUpdate":false,"showSkybox":false,"showFlares":false,"showImageEffects":false,"showParticleSystems":false},"in2DMode":false,"pivot":{"x":5.023049354553223,"y":1.3649017810821534,"z":2.806184768676758},"rotation":{"x":-0.09717398881912232,"y":0.06085081025958061,"z":-0.005946676712483168,"w":-0.993497371673584},"size":5.6977643966674809,"orthographic":false}