{"cameraMode":{"drawMode":0,"name":"Shaded","section":"Shading Mode"},"sceneLighting":true,"audioPlay":false,"sceneViewState":{"showFog":true,"showMaterialUpdate":true,"showSkybox":true,"showFlares":true,"showImageEffects":true,"showParticleSystems":true},"in2DMode":false,"pivot":{"x":-2.698756456375122,"y":2.0106329917907717,"z":-0.19695234298706056},"rotation":{"x":-0.2406587451696396,"y":-0.15585312247276307,"z":0.039182763546705249,"w":-0.9572171568870544},"size":4.759852409362793,"orthographic":false}