{"cameraMode":{"drawMode":0,"name":"Shaded","section":"Shading Mode"},"sceneLighting":true,"audioPlay":false,"sceneViewState":{"showFog":true,"showMaterialUpdate":true,"showSkybox":true,"showFlares":true,"showImageEffects":true,"showParticleSystems":true},"in2DMode":false,"pivot":{"x":0.0,"y":0.8000000715255737,"z":-3.3320000171661379},"rotation":{"x":0.05944493040442467,"y":0.7154573798179627,"z":-0.06175065040588379,"w":0.6935238838195801},"size":1.1445523500442505,"orthographic":false}