{"cameraMode":{"drawMode":0,"name":"Shaded","section":"Shading Mode"},"sceneLighting":true,"audioPlay":false,"sceneViewState":{"showFog":true,"showMaterialUpdate":true,"showSkybox":true,"showFlares":true,"showImageEffects":true,"showParticleSystems":true},"in2DMode":false,"pivot":{"x":-2.579256057739258,"y":-0.05721175670623779,"z":-2.7188620567321779},"rotation":{"x":-0.04817582666873932,"y":0.9265145659446716,"z":-0.12601763010025025,"w":-0.35154294967651369},"size":3.2445127964019777,"orthographic":false}