{"cameraMode":{"drawMode":0,"name":"Shaded","section":"Shading Mode"},"sceneLighting":false,"audioPlay":false,"sceneViewState":{"showFog":false,"showMaterialUpdate":false,"showSkybox":false,"showFlares":false,"showImageEffects":false,"showParticleSystems":false},"in2DMode":false,"pivot":{"x":1.836442232131958,"y":1.850000023841858,"z":12.260000228881836},"rotation":{"x":-0.07936899363994599,"y":0.03855413943529129,"z":-0.002956919837743044,"w":-0.99619460105896},"size":2.524876356124878,"orthographic":false}