{"cameraMode":{"drawMode":0,"name":"Shaded","section":"Shading Mode"},"sceneLighting":true,"audioPlay":false,"sceneViewState":{"showFog":true,"showMaterialUpdate":true,"showSkybox":true,"showFlares":true,"showImageEffects":true,"showParticleSystems":true},"in2DMode":false,"pivot":{"x":-0.5998890399932861,"y":1.1263015270233155,"z":0.409637451171875},"rotation":{"x":-0.04809023439884186,"y":0.8332803249359131,"z":-0.07275203615427017,"w":-0.5461279153823853},"size":2.424739122390747,"orthographic":false}